923330000000,First1,Last1,email@domain.com,street address,custome value 1,custome value 2,custome value 3,any comments will be here
,,,,,,,,
923331111111,First2,Last2,other@domain.com,street address,custome value 1,custome value 2,custome value 3,any comments will be here
923330000000,First3,Last3,email@domain.com,street address,custome value 1,custome value 2,custome value 3,any comments will be here
,,,,,,,,
923331111111,First4,Last4,other@domain.com,street address,custome value 1,custome value 2,custome value 3,any comments will be here
923330000000,First5,Last5,email@domain.com,street address,custome value 1,custome value 2,custome value 3,any comments will be here
,,,,,,,,
923331111111,First6,Last6,other@domain.com,street address,custome value 1,custome value 2,custome value 3,any comments will be here
923330000000,First7,Last7,email@domain.com,street address,custome value 1,custome value 2,custome value 3,any comments will be here
,,,,,,,,
923331111111,First8,Last8,other@domain.com,street address,custome value 1,custome value 2,custome value 3,any comments will be here
923330000000,First9,Last9,email@domain.com,street address,custome value 1,custome value 2,custome value 3,any comments will be here
,,,,,,,,
923331111111,First10,Last10,other@domain.com,street address,custome value 1,custome value 2,custome value 3,any comments will be here
923330000000,First11,Last11,email@domain.com,street address,custome value 1,custome value 2,custome value 3,any comments will be here
,,,,,,,,
923331111111,First12,Last12,other@domain.com,street address,custome value 1,custome value 2,custome value 3,any comments will be here
923330000000,First13,Last13,email@domain.com,street address,custome value 1,custome value 2,custome value 3,any comments will be here
,,,,,,,,
923331111111,First14,Last14,other@domain.com,street address,custome value 1,custome value 2,custome value 3,any comments will be here
9203125896460,saad,aslam,saada@hotmial.com,street address,custome value 1,custome value 2,custome value 3,any comments will be here
